iteration,suite,latency_ms,latency_ns,ciphertext_size,public_key_size,success,encap_variance,label,anomaly_type,rf_raw_probability,anomaly_score
1,TLS_X25519_ML_KEM_768_WITH_AES_256_GCM_SHA3_256,15.0,15000000,1088,1184,True,0.0,0,normal,0.98,0.49
1,TLS_X25519_ML_KEM_768_WITH_AES_256_GCM_SHA3_256,24.101300004986115,24101200,1088,1184,True,0.0,0,normal,0.96,0.48
1,TLS_X25519_ML_KEM_768_WITH_AES_256_GCM_SHA3_256,12.617600004887208,12617100,1088,1184,True,0.0,0,normal,0.97,0.485
1,TLS_X25519_ML_KEM_768_WITH_AES_256_GCM_SHA3_256,11.766000010538846,11766300,1088,1184,True,0.0,0,normal,0.98,0.49
1,TLS_X25519_ML_KEM_768_WITH_AES_256_GCM_SHA3_256,12.277200003154576,12277700,1088,1184,True,0.0,0,normal,0.97,0.485
1,TLS_X25519_ML_KEM_768_WITH_AES_256_GCM_SHA3_256,12.816199989174493,12816500,1088,1184,True,0.0,0,normal,0.99,0.495
1,TLS_X25519_ML_KEM_768_WITH_AES_256_GCM_SHA3_256,50.63929999596439,50639100,1088,1184,True,0.0,1,anomaly_detected,0.98,1.0
1,TLS_X25519_ML_KEM_768_WITH_AES_256_GCM_SHA3_256,13.792800004011951,13793000,1088,1184,True,0.0,0,normal,0.98,0.49
1,TLS_X25519_ML_KEM_768_WITH_AES_256_GCM_SHA3_256,12.901500012958422,12901800,1088,1184,True,0.0,0,normal,0.97,0.485
1,TLS_X25519_ML_KEM_768_WITH_AES_256_GCM_SHA3_256,20.416200000909157,20413800,1088,1184,True,0.0,0,normal,0.96,0.48
1,TLS_X25519_ML_KEM_768_WITH_AES_256_GCM_SHA3_256,13.366600003791973,13366500,1088,1184,True,0.0,0,normal,0.9407407407407408,0.4703703703703704
1,TLS_X25519_ML_KEM_768_WITH_AES_256_GCM_SHA3_256,12.201400008052588,12201800,1088,1184,True,0.0,0,normal,0.98,0.49
1,TLS_X25519_ML_KEM_768_WITH_AES_256_GCM_SHA3_256,84.7827999969013,84783000,1088,1184,True,0.0,1,anomaly_detected,0.9505714285714285,1.0
1,TLS_X25519_ML_KEM_768_WITH_AES_256_GCM_SHA3_256,17.18750000873115,17188100,1088,1184,True,0.0,0,normal,0.9605164978437469,0.48025824892187347
1,TLS_X25519_ML_KEM_768_WITH_AES_256_GCM_SHA3_256,14.111199998296797,14109400,1088,1184,True,0.0,0,normal,0.9512727272727273,0.47563636363636363
1,TLS_X25519_ML_KEM_768_WITH_AES_256_GCM_SHA3_256,14.844399993307889,14844200,1088,1184,True,0.0,0,normal,0.96,0.48
1,TLS_X25519_ML_KEM_768_WITH_AES_256_GCM_SHA3_256,12.497500007157214,12497900,1088,1184,True,0.0,0,normal,0.970421052631579,0.4852105263157895
1,TLS_X25519_ML_KEM_768_WITH_AES_256_GCM_SHA3_256,14.248500010580756,14248300,1088,1184,True,0.0,0,normal,0.99,0.495
1,TLS_X25519_ML_KEM_768_WITH_AES_256_GCM_SHA3_256,82.57729999604635,82578100,1088,1184,True,0.0,1,anomaly_detected,0.98,1.0
1,TLS_X25519_ML_KEM_768_WITH_AES_256_GCM_SHA3_256,21.676200005458668,21676200,1088,1184,True,0.0,0,normal,0.0,0.0
1,TLS_X25519_ML_KEM_768_WITH_AES_256_GCM_SHA3_256,26.70869999565184,26709500,1088,1184,True,0.0,0,normal,0.01,0.005
1,TLS_X25519_ML_KEM_768_WITH_AES_256_GCM_SHA3_256,27.785599988419563,27786600,1088,1184,True,0.0,0,normal,0.0,0.0
1,TLS_X25519_ML_KEM_768_WITH_AES_256_GCM_SHA3_256,28.21879999828525,28219000,1088,1184,True,0.0,0,normal,0.01,0.005
1,TLS_X25519_ML_KEM_768_WITH_AES_256_GCM_SHA3_256,22.53250000649132,22533600,1088,1184,True,0.0,0,normal,0.0,0.0
1,TLS_X25519_ML_KEM_768_WITH_AES_256_GCM_SHA3_256,23.842700000386685,23842600,1088,1184,True,0.0,0,normal,0.0,0.0
1,TLS_X25519_ML_KEM_768_WITH_AES_256_GCM_SHA3_256,62.857699987944216,62857800,1088,1184,True,0.0,1,anomaly_detected,0.87,1.0
1,TLS_X25519_ML_KEM_768_WITH_AES_256_GCM_SHA3_256,70.18239999888465,70181700,1088,1184,True,0.0,1,anomaly_detected,0.89,1.0
1,TLS_X25519_ML_KEM_768_WITH_AES_256_GCM_SHA3_256,20.244999992428347,20244800,1088,1184,True,0.0,0,normal,0.0,0.0
1,TLS_X25519_ML_KEM_768_WITH_AES_256_GCM_SHA3_256,16.823199999635108,16822400,1088,1184,True,0.0,0,normal,0.01,0.005
1,TLS_X25519_ML_KEM_768_WITH_AES_256_GCM_SHA3_256,16.650499994284473,16649600,1088,1184,True,0.0,0,normal,0.0,0.0
1,TLS_X25519_ML_KEM_768_WITH_AES_256_GCM_SHA3_256,18.295599991688505,18296000,1088,1184,True,0.0,0,normal,0.0,0.0
1,TLS_X25519_ML_KEM_768_WITH_AES_256_GCM_SHA3_256,23.6470000090776,23647000,1088,1184,True,0.0,0,normal,0.0,0.0
1,TLS_X25519_ML_KEM_768_WITH_AES_256_GCM_SHA3_256,16.301399999065325,16301300,1088,1184,True,0.0,0,normal,0.0,0.0
1,TLS_X25519_ML_KEM_768_WITH_AES_256_GCM_SHA3_256,15.626000007614493,15625900,1088,1184,True,0.0,0,normal,0.0,0.0
1,TLS_X25519_ML_KEM_768_WITH_AES_256_GCM_SHA3_256,20.142699999269098,20142800,1088,1184,True,0.0,0,normal,0.0,0.0
1,TLS_X25519_ML_KEM_768_WITH_AES_256_GCM_SHA3_256,15.789400000358,15789500,1088,1184,True,0.0,0,normal,0.0,0.0
1,TLS_X25519_ML_KEM_768_WITH_AES_256_GCM_SHA3_256,15.648300002794713,15648200,1088,1184,True,0.0,0,normal,0.01,0.005
1,TLS_X25519_ML_KEM_768_WITH_AES_256_GCM_SHA3_256,71.68039999669418,71682000,1088,1184,True,0.0,1,anomaly_detected,0.99,1.0
1,TLS_X25519_ML_KEM_768_WITH_AES_256_GCM_SHA3_256,26.122199997189455,26123300,1088,1184,True,0.0,0,normal,0.0,0.0
1,TLS_X25519_ML_KEM_768_WITH_AES_256_GCM_SHA3_256,20.60899999924004,20610000,1088,1184,True,0.0,0,normal,0.0,0.0
1,TLS_X25519_ML_KEM_768_WITH_AES_256_GCM_SHA3_256,20.380700007081032,20380700,1088,1184,True,0.0,0,normal,0.0,0.0
1,TLS_X25519_ML_KEM_768_WITH_AES_256_GCM_SHA3_256,18.45949998823926,18459400,1088,1184,True,0.0,0,normal,0.0,0.0
1,TLS_X25519_ML_KEM_768_WITH_AES_256_GCM_SHA3_256,24.672200001077726,24672400,1088,1184,True,0.0,0,normal,0.0,0.0
1,TLS_X25519_ML_KEM_768_WITH_AES_256_GCM_SHA3_256,19.58599999488797,19586200,1088,1184,True,0.0,0,normal,0.0,0.0
1,TLS_X25519_ML_KEM_768_WITH_AES_256_GCM_SHA3_256,22.19390000391286,22193700,1088,1184,True,0.0,0,normal,0.0,0.0
1,TLS_X25519_ML_KEM_768_WITH_AES_256_GCM_SHA3_256,22.047300008125603,22047800,1088,1184,True,0.0,0,normal,0.0,0.0
1,TLS_X25519_ML_KEM_768_WITH_AES_256_GCM_SHA3_256,22.38700000452809,22387100,1088,1184,True,0.0,0,normal,0.0,0.0
1,TLS_X25519_ML_KEM_768_WITH_AES_256_GCM_SHA3_256,81.45169999625068,81452100,1088,1184,True,0.0,1,anomaly_detected,0.97,1.0
1,TLS_X25519_ML_KEM_768_WITH_AES_256_GCM_SHA3_256,22.044800003641285,22044800,1088,1184,True,0.0,0,normal,0.0,0.0
1,TLS_X25519_ML_KEM_768_WITH_AES_256_GCM_SHA3_256,23.757200004183687,23758600,1088,1184,True,0.0,0,normal,0.0,0.0
1,TLS_X25519_ML_KEM_768_WITH_AES_256_GCM_SHA3_256,26.19179998873733,26191100,1088,1184,True,0.0,0,normal,0.0,0.0
1,TLS_X25519_ML_KEM_768_WITH_AES_256_GCM_SHA3_256,20.774500007973984,20776800,1088,1184,True,0.0,0,normal,0.0,0.0
1,TLS_X25519_ML_KEM_768_WITH_AES_256_GCM_SHA3_256,18.900199997005984,18900200,1088,1184,True,0.0,0,normal,0.0,0.0
1,TLS_X25519_ML_KEM_768_WITH_AES_256_GCM_SHA3_256,21.71970000199508,21719000,1088,1184,True,0.0,0,normal,0.0,0.0
1,TLS_X25519_ML_KEM_768_WITH_AES_256_GCM_SHA3_256,23.84990001155529,23850200,1088,1184,True,0.0,0,normal,0.0,0.0
1,TLS_X25519_ML_KEM_768_WITH_AES_256_GCM_SHA3_256,20.605700003216043,20605700,1088,1184,True,0.0,0,normal,0.0,0.0
1,TLS_X25519_ML_KEM_768_WITH_AES_256_GCM_SHA3_256,24.532800001907162,24531900,1088,1184,True,0.0,0,normal,0.0,0.0
58,TLS_X25519_ML_KEM_768_WITH_AES_256_GCM_SHA3_256,50.88749999413267,50886800,1088,1184,True,0.0,1,anomaly_detected,1.0,1.0
