iteration,suite,latency_ms,latency_ns,ciphertext_size,public_key_size,success,encap_variance,label,anomaly_type
6,ML-KEM-1024,0.6037423730757652,603742.3730757652,1568,1568,False,0.0,1,implicit_rejection
33,ML-KEM-768,0.568715236820891,568715.236820891,1088,1184,True,0.0,0,normal
15,ML-KEM-1024,0.5807861962993107,580786.1962993108,1568,1568,True,0.0,0,normal
72,ML-KEM-768,0.6368269109374086,636826.9109374086,1088,1184,True,0.0,0,normal
78,ML-KEM-768,0.5984073574499854,598407.3574499855,1088,1184,True,0.0,0,normal
113,ML-KEM-768,0.6159720433511338,615972.0433511337,1088,1184,True,0.0,0,normal
43,Classical,0.3088393033314289,308839.3033314289,32,32,True,0.0,0,normal
69,ML-KEM-1024,0.6170291926315103,617029.1926315103,1568,1568,True,0.0,0,normal
30,Classical,0.3197965756153335,319796.57561533345,32,32,True,0.0,0,normal
9,ML-KEM-768,0.5986087359419916,598608.7359419916,1088,1184,True,0.0,0,normal
90,Classical,0.30355144784987187,303551.4478498719,32,32,True,0.0,0,normal
12,ML-KEM-1024,0.5839455636375506,583945.5636375506,1548,1568,True,0.0,1,ciphertext_tampering
65,Classical,0.28697522409680604,286975.224096806,32,32,True,0.0,0,normal
0,ML-KEM-1024,0.5802261344325593,580226.1344325594,1568,1568,False,0.0,1,implicit_rejection
82,ML-KEM-768,0.5924972834141431,592497.2834141431,1088,1184,True,0.0,0,normal
7,ML-KEM-1024,0.5767605666348926,576760.5666348926,1568,1513,True,0.0,1,public_key_tampering
30,ML-KEM-768,0.6068930661113205,606893.0661113205,1088,1184,True,0.0,0,normal
101,ML-KEM-768,0.5927942368004172,592794.2368004172,1088,1184,True,0.0,0,normal
9,ML-KEM-768,0.6190379284276658,619037.9284276658,1088,1088,True,0.0,1,public_key_tampering
64,ML-KEM-1024,0.5801055928729804,580105.5928729804,1568,1568,True,0.0,0,normal
8,ML-KEM-768,17.307937348133123,17307937.348133124,1088,1184,True,0.0,1,timing_moderate
17,Classical,0.2627779115647206,262777.91156472056,32,32,True,0.0,0,normal
56,ML-KEM-1024,0.5765454314840065,576545.4314840065,1568,1568,True,0.0,0,normal
8,ML-KEM-1024,17.225345541929528,17225345.541929528,1568,1568,True,0.0,1,timing_moderate
0,ML-KEM-768,0.5365667050053656,536566.7050053657,1088,1184,True,0.0,0,normal
115,Classical,0.2679310475881985,267931.0475881985,32,32,True,0.0,0,normal
11,ML-KEM-768,0.6126751264968212,612675.1264968212,1088,1184,True,0.0,0,normal
93,ML-KEM-768,0.5730253413467509,573025.3413467509,1088,1184,True,0.0,0,normal
45,Classical,0.2976617208095212,297661.7208095212,32,32,True,0.0,0,normal
79,ML-KEM-1024,0.640698313049209,640698.313049209,1568,1568,True,0.0,0,normal
34,Classical,0.25567195252248737,255671.95252248738,32,32,True,0.0,0,normal
66,ML-KEM-1024,0.5632320596840833,563232.0596840833,1568,1568,True,0.0,0,normal
3,ML-KEM-1024,0.5868996950850658,586899.6950850658,1493,1568,True,0.0,1,ciphertext_tampering
93,ML-KEM-1024,0.6399577815650519,639957.7815650519,1568,1568,True,0.0,0,normal
55,ML-KEM-768,0.5471101747072667,547110.1747072667,1088,1184,True,0.0,0,normal
111,ML-KEM-1024,0.6159994363910685,615999.4363910685,1568,1568,True,0.0,0,normal
18,ML-KEM-768,0.55965127227268,559651.27227268,1088,1184,True,0.0,0,normal
14,ML-KEM-1024,0.5965415283700216,596541.5283700216,1662,1568,True,0.0,1,ciphertext_tampering
38,ML-KEM-1024,0.6009984620550857,600998.4620550857,1568,1568,True,0.0,0,normal
75,ML-KEM-768,0.5893893008762311,589389.300876231,1088,1184,True,0.0,0,normal
39,ML-KEM-768,0.5580668259197769,558066.8259197768,1088,1184,True,0.0,0,normal
11,ML-KEM-768,0.6365018103021426,636501.8103021426,1183,1184,True,0.0,1,ciphertext_tampering
59,ML-KEM-1024,0.5828921787336194,582892.1787336194,1568,1568,True,0.0,0,normal
9,ML-KEM-1024,0.594333855330603,594333.855330603,1568,1568,False,0.0,1,implicit_rejection
79,ML-KEM-768,0.6723282681227096,672328.2681227096,1088,1184,True,0.0,0,normal
72,Classical,0.23520434814798566,235204.34814798567,32,32,True,0.0,0,normal
5,ML-KEM-768,0.6236848578977336,623684.8578977337,997,1184,True,0.0,1,ciphertext_tampering
90,ML-KEM-768,0.6412057941906468,641205.7941906468,1088,1184,True,0.0,0,normal
13,ML-KEM-1024,22.88794822779917,22887948.22779917,1568,1568,True,0.0,1,timing_moderate
13,Classical,0.3770117713129947,377011.7713129947,32,32,True,0.0,0,normal
2,ML-KEM-768,0.6215521844922395,621552.1844922395,1041,1184,True,0.0,1,ciphertext_tampering
76,ML-KEM-768,0.551877132288544,551877.132288544,1088,1184,True,0.0,0,normal
89,Classical,0.3641661543640579,364166.15436405793,32,32,True,0.0,0,normal
77,ML-KEM-1024,0.6037223784898256,603722.3784898255,1568,1568,True,0.0,0,normal
87,ML-KEM-1024,0.6224689591027804,622468.9591027804,1568,1568,True,0.0,0,normal
57,ML-KEM-1024,0.5586159444665094,558615.9444665094,1568,1568,True,0.0,0,normal
73,ML-KEM-768,0.5806317452292131,580631.7452292131,1088,1184,True,0.0,0,normal
75,Classical,0.2254522091857325,225452.2091857325,32,32,True,0.0,0,normal
5,ML-KEM-1024,0.5747937375222684,574793.7375222683,1568,1568,False,0.0,1,implicit_rejection
109,ML-KEM-1024,0.5641392626846177,564139.2626846177,1568,1568,True,0.0,0,normal
21,ML-KEM-1024,0.6039484720271894,603948.4720271893,1568,1568,True,0.0,0,normal
77,ML-KEM-768,0.5885671887044853,588567.1887044853,1088,1184,True,0.0,0,normal
63,ML-KEM-768,0.6311700376879997,631170.0376879998,1088,1184,True,0.0,0,normal
36,Classical,0.31676982108381113,316769.8210838111,32,32,True,0.0,0,normal
37,ML-KEM-1024,0.5872146162923672,587214.6162923671,1568,1568,True,0.0,0,normal
8,ML-KEM-768,0.6558424839194851,655842.4839194851,1088,1184,False,0.0,1,implicit_rejection
70,ML-KEM-768,0.5755407794346112,575540.7794346112,1088,1184,True,0.0,0,normal
7,ML-KEM-1024,22.59796507818048,22597965.07818048,1568,1568,True,0.0,1,timing_moderate
109,Classical,0.22724847032423046,227248.47032423047,32,32,True,0.0,0,normal
0,ML-KEM-768,0.6348554006389354,634855.4006389354,1109,1184,True,0.0,1,ciphertext_tampering
67,Classical,0.2643383257506041,264338.3257506041,32,32,True,0.0,0,normal
10,ML-KEM-1024,0.6140098831503628,614009.8831503628,1568,1568,False,0.0,1,implicit_rejection
13,ML-KEM-768,0.5839767132532342,583976.7132532342,1088,1184,False,0.0,1,implicit_rejection
100,Classical,0.2631018902867586,263101.8902867586,32,32,True,0.0,0,normal
1,ML-KEM-1024,0.6054830805806285,605483.0805806285,1575,1568,True,0.0,1,ciphertext_tampering
15,ML-KEM-768,0.5848073638774822,584807.3638774822,1088,1184,True,0.0,0,normal
9,ML-KEM-768,0.6088179246223081,608817.9246223081,1088,1184,False,0.0,1,implicit_rejection
2,ML-KEM-1024,23.238009903815353,23238009.90381535,1568,1568,True,0.0,1,timing_moderate
19,ML-KEM-768,0.5757009986769791,575700.9986769791,1088,1184,True,0.0,0,normal
10,ML-KEM-768,0.6072743119954571,607274.3119954572,1166,1184,True,0.0,1,ciphertext_tampering
86,Classical,0.3827906744952017,382790.67449520173,32,32,True,0.0,0,normal
56,ML-KEM-768,0.6058774442083654,605877.4442083654,1088,1184,True,0.0,0,normal
94,ML-KEM-1024,0.5285214366435097,528521.4366435097,1568,1568,True,0.0,0,normal
106,Classical,0.2937808757456716,293780.87574567157,32,32,True,0.0,0,normal
85,Classical,0.29764410744668696,297644.10744668695,32,32,True,0.0,0,normal
104,ML-KEM-768,0.6433974137682373,643397.4137682373,1088,1184,True,0.0,0,normal
41,ML-KEM-1024,0.6251853972018254,625185.3972018254,1568,1568,True,0.0,0,normal
3,ML-KEM-768,0.5938403377738511,593840.3377738511,1088,1123,True,0.0,1,public_key_tampering
25,ML-KEM-768,0.6078112864719873,607811.2864719874,1088,1184,True,0.0,0,normal
16,ML-KEM-1024,19.93853281559496,19938532.81559496,1568,1568,True,0.0,1,timing_moderate
92,Classical,0.37591194538866196,375911.945388662,32,32,True,0.0,0,normal
24,ML-KEM-1024,0.5829599183605123,582959.9183605124,1568,1568,True,0.0,0,normal
42,ML-KEM-768,0.5840698152542633,584069.8152542632,1088,1184,True,0.0,0,normal
16,Classical,0.24490147765894896,244901.47765894895,32,32,True,0.0,0,normal
64,Classical,0.34623117651789553,346231.17651789554,32,32,True,0.0,0,normal
59,Classical,0.21710214020735055,217102.14020735055,32,32,True,0.0,0,normal
92,ML-KEM-1024,0.5717041370551659,571704.1370551658,1568,1568,True,0.0,0,normal
88,ML-KEM-1024,0.6091173672448015,609117.3672448015,1568,1568,True,0.0,0,normal
88,Classical,0.28964171570209885,289641.71570209885,32,32,True,0.0,0,normal
79,Classical,0.2773980122878829,277398.0122878829,32,32,True,0.0,0,normal
22,ML-KEM-768,0.6280354706158771,628035.4706158771,1088,1184,True,0.0,0,normal
13,ML-KEM-1024,0.6224311245983708,622431.1245983707,1568,1476,True,0.0,1,public_key_tampering
46,ML-KEM-768,0.5872327269249837,587232.7269249838,1088,1184,True,0.0,0,normal
1,ML-KEM-1024,0.6217081061274928,621708.1061274929,1568,1568,True,0.0,0,normal
33,Classical,0.2722255582254387,272225.5582254387,32,32,True,0.0,0,normal
10,ML-KEM-1024,0.6533541475068853,653354.1475068852,1568,1568,True,0.0,0,normal
65,ML-KEM-1024,0.5620999096351774,562099.9096351775,1568,1568,True,0.0,0,normal
39,ML-KEM-1024,0.6147106165410662,614710.6165410662,1568,1568,True,0.0,0,normal
57,ML-KEM-768,0.5953125150196988,595312.5150196989,1088,1184,True,0.0,0,normal
7,ML-KEM-768,0.6134226423942116,613422.6423942116,1088,1223,True,0.0,1,public_key_tampering
8,ML-KEM-1024,0.6096483883250436,609648.3883250436,1568,1568,True,0.0,0,normal
12,ML-KEM-768,0.5606944247882186,560694.4247882186,1132,1184,True,0.0,1,ciphertext_tampering
24,ML-KEM-768,0.5772616773005588,577261.6773005588,1088,1184,True,0.0,0,normal
17,ML-KEM-768,0.5784543326983674,578454.3326983674,1088,1184,True,0.0,0,normal
66,ML-KEM-768,0.6024207361176926,602420.7361176927,1088,1184,True,0.0,0,normal
5,ML-KEM-1024,23.03355954704679,23033559.547046788,1568,1568,True,0.0,1,timing_moderate
86,ML-KEM-768,0.5946099642396024,594609.9642396024,1088,1184,True,0.0,0,normal
31,ML-KEM-768,0.6469314617320845,646931.4617320845,1088,1184,True,0.0,0,normal
84,ML-KEM-768,0.5696045367567809,569604.5367567809,1088,1184,True,0.0,0,normal
97,Classical,0.23438750923874505,234387.50923874506,32,32,True,0.0,0,normal
2,Classical,0.27131976435293687,271319.7643529369,32,32,True,0.0,0,normal
15,Classical,0.2659541240720197,265954.1240720197,32,32,True,0.0,0,normal
101,Classical,0.20377350525976795,203773.50525976796,32,32,True,0.0,0,normal
16,ML-KEM-1024,0.6092252463180337,609225.2463180337,1568,1568,True,0.0,0,normal
94,ML-KEM-768,0.5822039124494983,582203.9124494983,1088,1184,True,0.0,0,normal
14,ML-KEM-768,0.5737232295386506,573723.2295386506,1088,1105,True,0.0,1,public_key_tampering
78,Classical,0.3646316083099982,364631.6083099982,32,32,True,0.0,0,normal
9,ML-KEM-1024,16.838208968170658,16838208.968170658,1568,1568,True,0.0,1,timing_moderate
60,ML-KEM-1024,0.600608809493653,600608.809493653,1568,1568,True,0.0,0,normal
11,ML-KEM-1024,0.601200926264408,601200.926264408,1568,1655,True,0.0,1,public_key_tampering
83,ML-KEM-1024,0.6465780038449652,646578.0038449652,1568,1568,True,0.0,0,normal
0,ML-KEM-1024,0.5700548171729567,570054.8171729567,1588,1568,True,0.0,1,ciphertext_tampering
2,ML-KEM-1024,0.5934591621359449,593459.1621359448,1568,1568,False,0.0,1,implicit_rejection
5,ML-KEM-768,0.5871755011332618,587175.5011332618,1088,1184,True,0.0,0,normal
0,ML-KEM-1024,0.5376781689210307,537678.1689210307,1568,1568,True,0.0,0,normal
45,ML-KEM-768,0.5884056549226895,588405.6549226894,1088,1184,True,0.0,0,normal
16,ML-KEM-768,0.6146130529914441,614613.0529914441,1088,1184,True,0.0,0,normal
8,ML-KEM-1024,0.5848703113461872,584870.3113461871,1568,1623,True,0.0,1,public_key_tampering
110,Classical,0.16436466053679358,164364.66053679358,32,32,True,0.0,0,normal
3,ML-KEM-768,0.5589840487402467,558984.0487402467,1088,1184,True,0.0,0,normal
7,ML-KEM-768,0.5579664657838249,557966.4657838249,1088,1184,False,0.0,1,implicit_rejection
60,ML-KEM-768,0.6296770678192685,629677.0678192684,1088,1184,True,0.0,0,normal
110,ML-KEM-768,0.5440956377372118,544095.6377372118,1088,1184,True,0.0,0,normal
73,Classical,0.28881876911375176,288818.76911375177,32,32,True,0.0,0,normal
13,ML-KEM-1024,0.5628485599124948,562848.5599124948,1637,1568,True,0.0,1,ciphertext_tampering
29,ML-KEM-768,0.5955983574264753,595598.3574264753,1088,1184,True,0.0,0,normal
58,Classical,0.23162808930550485,231628.08930550487,32,32,True,0.0,0,normal
32,ML-KEM-1024,0.6328313297177609,632831.3297177609,1568,1568,True,0.0,0,normal
26,ML-KEM-768,0.5851071458809336,585107.1458809336,1088,1184,True,0.0,0,normal
7,ML-KEM-768,0.5641461953589478,564146.1953589479,1088,1184,True,0.0,0,normal
1,ML-KEM-1024,0.5717161928601607,571716.1928601607,1568,1667,True,0.0,1,public_key_tampering
108,ML-KEM-768,0.6047015336491584,604701.5336491583,1088,1184,True,0.0,0,normal
21,Classical,0.23640049702079918,236400.49702079917,32,32,True,0.0,0,normal
12,ML-KEM-1024,0.6230282300885999,623028.2300885998,1568,1603,True,0.0,1,public_key_tampering
2,ML-KEM-1024,0.6436847145920773,643684.7145920773,1568,1568,True,0.0,0,normal
114,ML-KEM-768,0.5754668370510602,575466.8370510602,1088,1184,True,0.0,0,normal
6,ML-KEM-1024,0.5740508990683023,574050.8990683024,1604,1568,True,0.0,1,ciphertext_tampering
6,ML-KEM-768,0.5731584268857386,573158.4268857386,1101,1184,True,0.0,1,ciphertext_tampering
23,Classical,0.194088614525932,194088.614525932,32,32,True,0.0,0,normal
6,ML-KEM-768,20.793673402807713,20793673.402807713,1088,1184,True,0.0,1,timing_moderate
16,ML-KEM-768,16.10849132955213,16108491.32955213,1088,1184,True,0.0,1,timing_moderate
13,ML-KEM-1024,0.6079034228967389,607903.422896739,1568,1568,False,0.0,1,implicit_rejection
76,ML-KEM-1024,0.58856742472521,588567.42472521,1568,1568,True,0.0,0,normal
3,ML-KEM-1024,19.483499263127715,19483499.263127714,1568,1568,True,0.0,1,timing_moderate
8,ML-KEM-1024,0.6295230434539503,629523.0434539503,1567,1568,True,0.0,1,ciphertext_tampering
25,ML-KEM-1024,0.6457502441696781,645750.2441696781,1568,1568,True,0.0,0,normal
3,ML-KEM-768,0.6165363206699295,616536.3206699295,1088,1184,True,0.0,1,ciphertext_tampering
67,ML-KEM-768,0.6229413085793546,622941.3085793545,1088,1184,True,0.0,0,normal
8,ML-KEM-1024,0.6284421265650351,628442.1265650351,1568,1568,False,0.0,1,implicit_rejection
52,ML-KEM-1024,0.605911756229375,605911.756229375,1568,1568,True,0.0,0,normal
12,ML-KEM-768,23.373463218278335,23373463.218278334,1088,1184,True,0.0,1,timing_moderate
9,ML-KEM-768,0.5860557327509808,586055.7327509808,1064,1184,True,0.0,1,ciphertext_tampering
104,ML-KEM-1024,0.5923966693641879,592396.6693641879,1568,1568,True,0.0,0,normal
109,ML-KEM-768,0.6194705835929948,619470.5835929948,1088,1184,True,0.0,0,normal
106,ML-KEM-1024,0.5916465611731762,591646.5611731762,1568,1568,True,0.0,0,normal
29,ML-KEM-1024,0.6462658497398585,646265.8497398584,1568,1568,True,0.0,0,normal
5,Classical,0.34779532238086475,347795.32238086476,32,32,True,0.0,0,normal
36,ML-KEM-1024,0.6011225310677146,601122.5310677147,1568,1568,True,0.0,0,normal
82,Classical,0.26171726953793173,261717.26953793174,32,32,True,0.0,0,normal
6,Classical,0.3646869167828097,364686.91678280965,32,32,True,0.0,0,normal
83,ML-KEM-768,0.5751457615215173,575145.7615215173,1088,1184,True,0.0,0,normal
14,ML-KEM-768,0.6142937898136914,614293.7898136914,1128,1184,True,0.0,1,ciphertext_tampering
49,ML-KEM-1024,0.5012197594238094,501219.7594238094,1568,1568,True,0.0,0,normal
2,ML-KEM-768,0.610213697965559,610213.697965559,1088,1276,True,0.0,1,public_key_tampering
5,ML-KEM-768,0.5526106711678176,552610.6711678175,1088,1244,True,0.0,1,public_key_tampering
74,ML-KEM-768,0.6413468189491145,641346.8189491145,1088,1184,True,0.0,0,normal
18,Classical,0.1,100000.0,32,32,True,0.0,0,normal
2,ML-KEM-768,0.5697196696659693,569719.6696659693,1088,1184,False,0.0,1,implicit_rejection
10,ML-KEM-1024,19.05449083244212,19054490.83244212,1568,1568,True,0.0,1,timing_moderate
3,ML-KEM-1024,0.6095929123265772,609592.9123265772,1568,1568,True,0.0,0,normal
4,ML-KEM-768,0.5961311596414723,596131.1596414724,1150,1184,True,0.0,1,ciphertext_tampering
54,Classical,0.17929729564079733,179297.29564079733,32,32,True,0.0,0,normal
112,ML-KEM-1024,0.6131919173759097,613191.9173759097,1568,1568,True,0.0,0,normal
5,ML-KEM-768,0.6299271916055285,629927.1916055285,1088,1184,False,0.0,1,implicit_rejection
4,ML-KEM-768,0.6116812892591642,611681.2892591642,1088,1184,False,0.0,1,implicit_rejection
113,ML-KEM-1024,0.5920045916210321,592004.5916210321,1568,1568,True,0.0,0,normal
95,ML-KEM-1024,0.5419972898768542,541997.2898768543,1568,1568,True,0.0,0,normal
19,ML-KEM-768,18.839491613662737,18839491.61366274,1088,1184,True,0.0,1,timing_moderate
29,Classical,0.33217688837426035,332176.88837426034,32,32,True,0.0,0,normal
36,ML-KEM-768,0.6141460821540151,614146.0821540151,1088,1184,True,0.0,0,normal
80,ML-KEM-1024,0.6306962831611487,630696.2831611487,1568,1568,True,0.0,0,normal
23,ML-KEM-1024,0.5657785798611791,565778.5798611791,1568,1568,True,0.0,0,normal
1,ML-KEM-768,18.512109183323535,18512109.183323536,1088,1184,True,0.0,1,timing_moderate
102,ML-KEM-1024,0.6193287563800108,619328.7563800109,1568,1568,True,0.0,0,normal
40,Classical,0.23949245255625576,239492.45255625577,32,32,True,0.0,0,normal
5,ML-KEM-1024,0.5715938914905722,571593.8914905721,1581,1568,True,0.0,1,ciphertext_tampering
59,ML-KEM-768,0.6089275695189619,608927.5695189618,1088,1184,True,0.0,0,normal
111,ML-KEM-768,0.6091610353889568,609161.0353889568,1088,1184,True,0.0,0,normal
115,ML-KEM-1024,0.5663315303385673,566331.5303385673,1568,1568,True,0.0,0,normal
12,Classical,0.35999648255627276,359996.48255627276,32,32,True,0.0,0,normal
6,ML-KEM-768,0.5810533918700416,581053.3918700416,1088,1184,True,0.0,0,normal
13,ML-KEM-768,0.6108285235193017,610828.5235193017,1088,1262,True,0.0,1,public_key_tampering
99,Classical,0.29365134151192895,293651.34151192894,32,32,True,0.0,0,normal
42,ML-KEM-1024,0.53182943204766,531829.43204766,1568,1568,True,0.0,0,normal
34,ML-KEM-1024,0.5654849648979652,565484.9648979652,1568,1568,True,0.0,0,normal
61,ML-KEM-1024,0.6027921937291656,602792.1937291656,1568,1568,True,0.0,0,normal
68,ML-KEM-1024,0.6310618267709204,631061.8267709204,1568,1568,True,0.0,0,normal
10,ML-KEM-768,0.5090515308121475,509051.53081214754,1088,1184,True,0.0,0,normal
17,ML-KEM-768,22.48823124936029,22488231.24936029,1088,1184,True,0.0,1,timing_moderate
103,ML-KEM-768,0.5963517446796067,596351.7446796068,1088,1184,True,0.0,0,normal
81,ML-KEM-768,0.6180857964540529,618085.7964540529,1088,1184,True,0.0,0,normal
38,ML-KEM-768,0.5992086516071091,599208.6516071091,1088,1184,True,0.0,0,normal
69,Classical,0.26699777432752153,266997.7743275215,32,32,True,0.0,0,normal
51,ML-KEM-1024,0.6182914830928832,618291.4830928831,1568,1568,True,0.0,0,normal
14,ML-KEM-1024,0.6148009973480666,614800.9973480665,1568,1478,True,0.0,1,public_key_tampering
48,Classical,0.29862431867933675,298624.31867933675,32,32,True,0.0,0,normal
82,ML-KEM-1024,0.5987668896793085,598766.8896793085,1568,1568,True,0.0,0,normal
52,Classical,0.25200013894604306,252000.13894604304,32,32,True,0.0,0,normal
1,ML-KEM-768,0.5522614860423903,552261.4860423903,1088,1184,False,0.0,1,implicit_rejection
10,ML-KEM-1024,0.6756269271459716,675626.9271459716,1553,1568,True,0.0,1,ciphertext_tampering
78,ML-KEM-1024,0.5934951149162154,593495.1149162154,1568,1568,True,0.0,0,normal
89,ML-KEM-768,0.5670431499709786,567043.1499709786,1088,1184,True,0.0,0,normal
30,ML-KEM-1024,0.5907590181003481,590759.0181003482,1568,1568,True,0.0,0,normal
47,ML-KEM-1024,0.586242853929237,586242.853929237,1568,1568,True,0.0,0,normal
4,ML-KEM-768,23.518023010380894,23518023.010380894,1088,1184,True,0.0,1,timing_moderate
31,ML-KEM-1024,0.6019630918767794,601963.0918767795,1568,1568,True,0.0,0,normal
2,ML-KEM-768,0.6177601593513087,617760.1593513087,1088,1184,True,0.0,0,normal
92,ML-KEM-768,0.5640069277975743,564006.9277975743,1088,1184,True,0.0,0,normal
15,ML-KEM-1024,20.2958848729167,20295884.872916702,1568,1568,True,0.0,1,timing_moderate
69,ML-KEM-768,0.6357376818910072,635737.6818910072,1088,1184,True,0.0,0,normal
42,Classical,0.23384290010079054,233842.90010079055,32,32,True,0.0,0,normal
7,ML-KEM-1024,0.6260009764137066,626000.9764137066,1568,1568,True,0.0,0,normal
5,ML-KEM-768,18.00956398894251,18009563.98894251,1088,1184,True,0.0,1,timing_moderate
96,ML-KEM-768,0.6445282557726537,644528.2557726537,1088,1184,True,0.0,0,normal
27,ML-KEM-1024,0.6076433053680899,607643.3053680898,1568,1568,True,0.0,0,normal
7,Classical,0.3194793471312258,319479.3471312258,32,32,True,0.0,0,normal
14,ML-KEM-768,17.722250394275836,17722250.394275837,1088,1184,True,0.0,1,timing_moderate
12,ML-KEM-1024,16.82822254441093,16828222.54441093,1568,1568,True,0.0,1,timing_moderate
10,ML-KEM-768,23.237747293682247,23237747.293682247,1088,1184,True,0.0,1,timing_moderate
97,ML-KEM-768,0.615099123732094,615099.123732094,1088,1184,True,0.0,0,normal
11,ML-KEM-768,0.6333811143715868,633381.1143715868,1088,1128,True,0.0,1,public_key_tampering
68,ML-KEM-768,0.5562098593407994,556209.8593407994,1088,1184,True,0.0,0,normal
23,ML-KEM-768,0.6134507070366654,613450.7070366654,1088,1184,True,0.0,0,normal
37,ML-KEM-768,0.6027645392193974,602764.5392193975,1088,1184,True,0.0,0,normal
103,Classical,0.3692075276418989,369207.5276418989,32,32,True,0.0,0,normal
28,ML-KEM-1024,0.5907512304104657,590751.2304104657,1568,1568,True,0.0,0,normal
6,ML-KEM-1024,0.6039361556393633,603936.1556393633,1568,1568,True,0.0,0,normal
67,ML-KEM-1024,0.5459758932003163,545975.8932003162,1568,1568,True,0.0,0,normal
86,ML-KEM-1024,0.6334370287010829,633437.0287010829,1568,1568,True,0.0,0,normal
14,Classical,0.3039016566953221,303901.6566953221,32,32,True,0.0,0,normal
114,Classical,0.31602523060884263,316025.2306088426,32,32,True,0.0,0,normal
70,Classical,0.2345045912461385,234504.5912461385,32,32,True,0.0,0,normal
104,Classical,0.2837595313693036,283759.5313693036,32,32,True,0.0,0,normal
55,Classical,0.25711113680658465,257111.13680658466,32,32,True,0.0,0,normal
11,ML-KEM-1024,17.154844707038844,17154844.707038846,1568,1568,True,0.0,1,timing_moderate
39,Classical,0.2975398363086659,297539.83630866586,32,32,True,0.0,0,normal
9,ML-KEM-1024,0.5698561344413309,569856.1344413309,1568,1568,True,0.0,0,normal
57,Classical,0.27275188353827606,272751.8835382761,32,32,True,0.0,0,normal
107,ML-KEM-1024,0.6015135494365186,601513.5494365186,1568,1568,True,0.0,0,normal
13,ML-KEM-768,0.5554495220062292,555449.5220062293,1120,1184,True,0.0,1,ciphertext_tampering
103,ML-KEM-1024,0.5445500828313805,544550.0828313805,1568,1568,True,0.0,0,normal
13,ML-KEM-1024,0.6607773540561742,660777.3540561742,1568,1568,True,0.0,0,normal
0,ML-KEM-768,0.5914902182327254,591490.2182327254,1088,1155,True,0.0,1,public_key_tampering
0,ML-KEM-768,0.5970268365026786,597026.8365026786,1088,1184,False,0.0,1,implicit_rejection
2,ML-KEM-1024,0.5876866236564718,587686.6236564718,1502,1568,True,0.0,1,ciphertext_tampering
13,ML-KEM-768,21.252853455634828,21252853.45563483,1088,1184,True,0.0,1,timing_moderate
46,Classical,0.2433534271917256,243353.42719172558,32,32,True,0.0,0,normal
108,Classical,0.24122324639190426,241223.24639190425,32,32,True,0.0,0,normal
49,Classical,0.3214437178216655,321443.71782166546,32,32,True,0.0,0,normal
3,ML-KEM-768,22.17606212509898,22176062.12509898,1088,1184,True,0.0,1,timing_moderate
0,ML-KEM-1024,20.201177456524935,20201177.456524935,1568,1568,True,0.0,1,timing_moderate
112,ML-KEM-768,0.5423912061312307,542391.2061312307,1088,1184,True,0.0,0,normal
63,ML-KEM-1024,0.53249418671952,532494.18671952,1568,1568,True,0.0,0,normal
62,Classical,0.25905007065694796,259050.07065694794,32,32,True,0.0,0,normal
93,Classical,0.3570247281092177,357024.7281092177,32,32,True,0.0,0,normal
84,Classical,0.260912543731118,260912.543731118,32,32,True,0.0,0,normal
11,ML-KEM-768,0.6703645206309841,670364.5206309841,1088,1184,False,0.0,1,implicit_rejection
1,ML-KEM-1024,23.751478058098034,23751478.058098033,1568,1568,True,0.0,1,timing_moderate
1,Classical,0.17301699953819794,173016.99953819794,32,32,True,0.0,0,normal
66,Classical,0.28908659029817513,289086.5902981751,32,32,True,0.0,0,normal
48,ML-KEM-1024,0.6002938928871359,600293.8928871359,1568,1568,True,0.0,0,normal
20,ML-KEM-1024,0.6231294468050396,623129.4468050395,1568,1568,True,0.0,0,normal
81,ML-KEM-1024,0.5669382404911101,566938.2404911101,1568,1568,True,0.0,0,normal
26,Classical,0.30639696381890097,306396.963818901,32,32,True,0.0,0,normal
0,Classical,0.25724457316425703,257244.57316425702,32,32,True,0.0,0,normal
115,ML-KEM-768,0.6155562099999528,615556.2099999527,1088,1184,True,0.0,0,normal
4,ML-KEM-1024,0.6149695505617845,614969.5505617845,1568,1568,True,0.0,0,normal
102,Classical,0.2260491251743359,226049.1251743359,32,32,True,0.0,0,normal
108,ML-KEM-1024,0.6030299755232958,603029.9755232958,1568,1568,True,0.0,0,normal
18,ML-KEM-1024,17.001440911929905,17001440.911929905,1568,1568,True,0.0,1,timing_moderate
91,Classical,0.26978241586971896,269782.41586971894,32,32,True,0.0,0,normal
11,ML-KEM-1024,0.5722150572343799,572215.0572343799,1568,1568,True,0.0,0,normal
53,Classical,0.3182151717324211,318215.1717324211,32,32,True,0.0,0,normal
7,ML-KEM-768,0.6297481453865658,629748.1453865657,1179,1184,True,0.0,1,ciphertext_tampering
107,ML-KEM-768,0.5848990344051056,584899.0344051056,1088,1184,True,0.0,0,normal
7,ML-KEM-768,20.640203523885443,20640203.523885444,1088,1184,True,0.0,1,timing_moderate
80,Classical,0.4065038264550611,406503.8264550611,32,32,True,0.0,0,normal
17,ML-KEM-1024,0.5802517314140107,580251.7314140106,1568,1568,True,0.0,0,normal
12,ML-KEM-1024,0.5695339746469577,569533.9746469577,1568,1568,False,0.0,1,implicit_rejection
44,ML-KEM-768,0.5672622152212357,567262.2152212356,1088,1184,True,0.0,0,normal
6,ML-KEM-1024,0.6296703876333886,629670.3876333885,1568,1522,True,0.0,1,public_key_tampering
65,ML-KEM-768,0.605129064064266,605129.064064266,1088,1184,True,0.0,0,normal
51,Classical,0.29246104897946323,292461.04897946323,32,32,True,0.0,0,normal
85,ML-KEM-768,0.5705805177157766,570580.5177157766,1088,1184,True,0.0,0,normal
10,Classical,0.27816482137506726,278164.8213750673,32,32,True,0.0,0,normal
70,ML-KEM-1024,0.6084364182619152,608436.4182619152,1568,1568,True,0.0,0,normal
43,ML-KEM-1024,0.5724151539747255,572415.1539747255,1568,1568,True,0.0,0,normal
12,ML-KEM-768,0.6067510166095992,606751.0166095992,1088,1184,True,0.0,0,normal
35,ML-KEM-768,0.6583340858719424,658334.0858719425,1088,1184,True,0.0,0,normal
28,ML-KEM-768,0.6398070853901281,639807.0853901281,1088,1184,True,0.0,0,normal
54,ML-KEM-1024,0.6247984017538576,624798.4017538576,1568,1568,True,0.0,0,normal
26,ML-KEM-1024,0.6237575031944588,623757.5031944588,1568,1568,True,0.0,0,normal
14,ML-KEM-1024,18.063061324663057,18063061.324663058,1568,1568,True,0.0,1,timing_moderate
7,ML-KEM-1024,0.6364506796402735,636450.6796402734,1542,1568,True,0.0,1,ciphertext_tampering
105,ML-KEM-1024,0.5874024829630206,587402.4829630206,1568,1568,True,0.0,0,normal
95,ML-KEM-768,0.6091411677507071,609141.1677507071,1088,1184,True,0.0,0,normal
51,ML-KEM-768,0.6094176683143596,609417.6683143596,1088,1184,True,0.0,0,normal
8,Classical,0.29594064997239217,295940.6499723922,32,32,True,0.0,0,normal
9,ML-KEM-768,22.345094929827248,22345094.929827247,1088,1184,True,0.0,1,timing_moderate
0,ML-KEM-1024,0.5908216158508915,590821.6158508916,1568,1619,True,0.0,1,public_key_tampering
62,ML-KEM-1024,0.5616429868068239,561642.9868068239,1568,1568,True,0.0,0,normal
41,ML-KEM-768,0.5913183675792338,591318.3675792338,1088,1184,True,0.0,0,normal
14,ML-KEM-768,0.6047758543220414,604775.8543220414,1088,1184,False,0.0,1,implicit_rejection
90,ML-KEM-1024,0.5656134850293426,565613.4850293426,1568,1568,True,0.0,0,normal
50,Classical,0.36988784944831765,369887.84944831766,32,32,True,0.0,0,normal
22,Classical,0.21529392409312406,215293.92409312405,32,32,True,0.0,0,normal
8,ML-KEM-768,0.5813327835329419,581332.783532942,1185,1184,True,0.0,1,ciphertext_tampering
4,ML-KEM-768,0.607652623445714,607652.623445714,1088,1184,True,0.0,0,normal
24,Classical,0.23467336958899276,234673.36958899276,32,32,True,0.0,0,normal
11,ML-KEM-1024,0.6399010354383324,639901.0354383325,1616,1568,True,0.0,1,ciphertext_tampering
100,ML-KEM-768,0.6055438443805009,605543.844380501,1088,1184,True,0.0,0,normal
110,ML-KEM-1024,0.5961391102742803,596139.1102742803,1568,1568,True,0.0,0,normal
6,ML-KEM-768,0.5930665654368835,593066.5654368835,1088,1184,True,0.0,1,public_key_tampering
97,ML-KEM-1024,0.6127617946018163,612761.7946018163,1568,1568,True,0.0,0,normal
55,ML-KEM-1024,0.6155122900747204,615512.2900747204,1568,1568,True,0.0,0,normal
98,ML-KEM-768,0.5801212727570301,580121.2727570301,1088,1184,True,0.0,0,normal
60,Classical,0.3080416154412547,308041.6154412547,32,32,True,0.0,0,normal
99,ML-KEM-1024,0.6054275899805839,605427.5899805839,1568,1568,True,0.0,0,normal
61,ML-KEM-768,0.5622784457070281,562278.4457070281,1088,1184,True,0.0,0,normal
47,ML-KEM-768,0.6081789365856825,608178.9365856824,1088,1184,True,0.0,0,normal
32,ML-KEM-768,0.6280235324470478,628023.5324470478,1088,1184,True,0.0,0,normal
35,Classical,0.32968920481209324,329689.20481209323,32,32,True,0.0,0,normal
95,Classical,0.2520919121270273,252091.91212702732,32,32,True,0.0,0,normal
84,ML-KEM-1024,0.6000937828256133,600093.7828256133,1568,1568,True,0.0,0,normal
9,ML-KEM-1024,0.644403998094868,644403.998094868,1508,1568,True,0.0,1,ciphertext_tampering
27,ML-KEM-768,0.5755657846429746,575565.7846429746,1088,1184,True,0.0,0,normal
6,ML-KEM-1024,18.24367832914349,18243678.329143487,1568,1568,True,0.0,1,timing_moderate
114,ML-KEM-1024,0.6149914047947834,614991.4047947834,1568,1568,True,0.0,0,normal
28,Classical,0.2753406117460006,275340.6117460006,32,32,True,0.0,0,normal
56,Classical,0.3278723819482614,327872.3819482614,32,32,True,0.0,0,normal
46,ML-KEM-1024,0.5911003931641355,591100.3931641355,1568,1568,True,0.0,0,normal
4,ML-KEM-768,0.5936497007892433,593649.7007892433,1088,1172,True,0.0,1,public_key_tampering
22,ML-KEM-1024,0.6100141376102649,610014.1376102649,1568,1568,True,0.0,0,normal
62,ML-KEM-768,0.5482628997206206,548262.8997206206,1088,1184,True,0.0,0,normal
19,ML-KEM-1024,0.5894103515794012,589410.3515794013,1568,1568,True,0.0,0,normal
12,ML-KEM-1024,0.608689784820729,608689.784820729,1568,1568,True,0.0,0,normal
6,ML-KEM-768,0.6034937136927937,603493.7136927937,1088,1184,False,0.0,1,implicit_rejection
8,ML-KEM-768,0.6233350666364056,623335.0666364055,1088,1184,True,0.0,0,normal
94,Classical,0.16303029101588443,163030.29101588443,32,32,True,0.0,0,normal
9,ML-KEM-1024,0.5223292831476698,522329.28314766975,1568,1483,True,0.0,1,public_key_tampering
64,ML-KEM-768,0.5382940403473467,538294.0403473467,1088,1184,True,0.0,0,normal
68,Classical,0.24732498680065762,247324.9868006576,32,32,True,0.0,0,normal
14,ML-KEM-768,0.5628259535268137,562825.9535268138,1088,1184,True,0.0,0,normal
40,ML-KEM-1024,0.5585281123346589,558528.112334659,1568,1568,True,0.0,0,normal
40,ML-KEM-768,0.563396070934561,563396.070934561,1088,1184,True,0.0,0,normal
5,ML-KEM-1024,0.6893201446969801,689320.1446969801,1568,1502,True,0.0,1,public_key_tampering
1,ML-KEM-768,0.6211064089848939,621106.4089848939,1088,1191,True,0.0,1,public_key_tampering
100,ML-KEM-1024,0.5838073744809478,583807.3744809477,1568,1568,True,0.0,0,normal
47,Classical,0.20324466946229078,203244.66946229077,32,32,True,0.0,0,normal
12,ML-KEM-768,0.5728816944120289,572881.6944120289,1088,1094,True,0.0,1,public_key_tampering
8,ML-KEM-768,0.5406655395069773,540665.5395069773,1088,1131,True,0.0,1,public_key_tampering
105,Classical,0.35914257863874316,359142.57863874314,32,32,True,0.0,0,normal
4,Classical,0.35781255323362193,357812.55323362193,32,32,True,0.0,0,normal
91,ML-KEM-1024,0.5534159618956082,553415.9618956081,1568,1568,True,0.0,0,normal
96,ML-KEM-1024,0.5389295658286355,538929.5658286355,1568,1568,True,0.0,0,normal
63,Classical,0.38316285139443484,383162.85139443487,32,32,True,0.0,0,normal
3,ML-KEM-1024,0.6442355804990557,644235.5804990557,1568,1649,True,0.0,1,public_key_tampering
19,Classical,0.29143416387329624,291434.16387329623,32,32,True,0.0,0,normal
4,ML-KEM-1024,0.5962570426591315,596257.0426591315,1568,1568,False,0.0,1,implicit_rejection
4,ML-KEM-1024,0.6355637533309952,635563.7533309952,1568,1631,True,0.0,1,public_key_tampering
71,Classical,0.4552100730094425,455210.0730094425,32,32,True,0.0,0,normal
2,ML-KEM-768,17.64355830387688,17643558.30387688,1088,1184,True,0.0,1,timing_moderate
37,Classical,0.46817939475947956,468179.39475947956,32,32,True,0.0,0,normal
85,ML-KEM-1024,0.6063442140153753,606344.2140153754,1568,1568,True,0.0,0,normal
45,ML-KEM-1024,0.6273784854494601,627378.4854494601,1568,1568,True,0.0,0,normal
43,ML-KEM-768,0.5935460119004509,593546.0119004509,1088,1184,True,0.0,0,normal
101,ML-KEM-1024,0.6160506045032916,616050.6045032917,1568,1568,True,0.0,0,normal
74,ML-KEM-1024,0.5683589411517311,568358.9411517312,1568,1568,True,0.0,0,normal
77,Classical,0.31208724526679493,312087.2452667949,32,32,True,0.0,0,normal
27,Classical,0.2637417143203693,263741.7143203693,32,32,True,0.0,0,normal
105,ML-KEM-768,0.6547482054813756,654748.2054813756,1088,1184,True,0.0,0,normal
53,ML-KEM-768,0.6215168803629131,621516.8803629131,1088,1184,True,0.0,0,normal
1,ML-KEM-768,0.604682814001663,604682.814001663,1071,1184,True,0.0,1,ciphertext_tampering
1,ML-KEM-768,0.6177945344471015,617794.5344471015,1088,1184,True,0.0,0,normal
4,ML-KEM-1024,0.6469504002697377,646950.4002697377,1499,1568,True,0.0,1,ciphertext_tampering
12,ML-KEM-768,0.5253593057464951,525359.3057464951,1088,1184,False,0.0,1,implicit_rejection
49,ML-KEM-768,0.5721560642436107,572156.0642436106,1088,1184,True,0.0,0,normal
80,ML-KEM-768,0.651891896852315,651891.8968523149,1088,1184,True,0.0,0,normal
89,ML-KEM-1024,0.5935918849511194,593591.8849511193,1568,1568,True,0.0,0,normal
34,ML-KEM-768,0.6045542383203165,604554.2383203165,1088,1184,True,0.0,0,normal
31,Classical,0.3136012904134454,313601.29041344544,32,32,True,0.0,0,normal
18,ML-KEM-768,23.94139956576968,23941399.56576968,1088,1184,True,0.0,1,timing_moderate
91,ML-KEM-768,0.6256192122676257,625619.2122676257,1088,1184,True,0.0,0,normal
107,Classical,0.2074379735728029,207437.97357280288,32,32,True,0.0,0,normal
3,ML-KEM-768,0.616449602060224,616449.602060224,1088,1184,False,0.0,1,implicit_rejection
52,ML-KEM-768,0.583682591779609,583682.591779609,1088,1184,True,0.0,0,normal
113,Classical,0.2248470829108063,224847.0829108063,32,32,True,0.0,0,normal
32,Classical,0.3342773708153205,334277.3708153205,32,32,True,0.0,0,normal
9,Classical,0.2928533252074013,292853.3252074013,32,32,True,0.0,0,normal
13,ML-KEM-768,0.5967414996687975,596741.4996687975,1088,1184,True,0.0,0,normal
83,Classical,0.30254538129734465,302545.38129734463,32,32,True,0.0,0,normal
88,ML-KEM-768,0.5764884944397195,576488.4944397195,1088,1184,True,0.0,0,normal
19,ML-KEM-1024,21.526196356678998,21526196.356678996,1568,1568,True,0.0,1,timing_moderate
41,Classical,0.3176189876489764,317618.9876489764,32,32,True,0.0,0,normal
50,ML-KEM-1024,0.6099701771237621,609970.1771237621,1568,1568,True,0.0,0,normal
96,Classical,0.26622177528057833,266221.77528057835,32,32,True,0.0,0,normal
7,ML-KEM-1024,0.5884497304329694,588449.7304329694,1568,1568,False,0.0,1,implicit_rejection
18,ML-KEM-1024,0.5452054696739803,545205.4696739803,1568,1568,True,0.0,0,normal
74,Classical,0.22191505242463055,221915.05242463056,32,32,True,0.0,0,normal
1,ML-KEM-1024,0.5626735378283804,562673.5378283804,1568,1568,False,0.0,1,implicit_rejection
87,Classical,0.3163529607832156,316352.96078321565,32,32,True,0.0,0,normal
11,Classical,0.3130303351458667,313030.3351458667,32,32,True,0.0,0,normal
54,ML-KEM-768,0.60538023640866,605380.23640866,1088,1184,True,0.0,0,normal
15,ML-KEM-768,21.937890696160263,21937890.696160264,1088,1184,True,0.0,1,timing_moderate
50,ML-KEM-768,0.624699421194086,624699.421194086,1088,1184,True,0.0,0,normal
58,ML-KEM-1024,0.6413698587018984,641369.8587018985,1568,1568,True,0.0,0,normal
73,ML-KEM-1024,0.6107432005169376,610743.2005169376,1568,1568,True,0.0,0,normal
11,ML-KEM-1024,0.6018892878876705,601889.2878876704,1568,1568,False,0.0,1,implicit_rejection
71,ML-KEM-1024,0.5985282914659241,598528.2914659241,1568,1568,True,0.0,0,normal
53,ML-KEM-1024,0.6134311379706796,613431.1379706796,1568,1568,True,0.0,0,normal
58,ML-KEM-768,0.6640021835607561,664002.1835607562,1088,1184,True,0.0,0,normal
48,ML-KEM-768,0.5614631730217141,561463.1730217141,1088,1184,True,0.0,0,normal
112,Classical,0.31196861670283965,311968.6167028397,32,32,True,0.0,0,normal
3,Classical,0.2700799308485303,270079.9308485303,32,32,True,0.0,0,normal
20,Classical,0.2416135300055457,241613.5300055457,32,32,True,0.0,0,normal
21,ML-KEM-768,0.5969409244061903,596940.9244061903,1088,1184,True,0.0,0,normal
81,Classical,0.3294609810028674,329460.9810028674,32,32,True,0.0,0,normal
44,ML-KEM-1024,0.5451744963326727,545174.4963326727,1568,1568,True,0.0,0,normal
44,Classical,0.3066959335459358,306695.9335459358,32,32,True,0.0,0,normal
10,ML-KEM-1024,0.6094038890325539,609403.8890325539,1568,1658,True,0.0,1,public_key_tampering
75,ML-KEM-1024,0.6564314931050227,656431.4931050227,1568,1568,True,0.0,0,normal
17,ML-KEM-1024,22.42615524863279,22426155.24863279,1568,1568,True,0.0,1,timing_moderate
61,Classical,0.37001395165896434,370013.95165896433,32,32,True,0.0,0,normal
10,ML-KEM-768,0.6172159756166367,617215.9756166367,1088,1198,True,0.0,1,public_key_tampering
111,Classical,0.20629838118197638,206298.38118197638,32,32,True,0.0,0,normal
25,Classical,0.19788665480031126,197886.65480031125,32,32,True,0.0,0,normal
76,Classical,0.3133692597683857,313369.2597683857,32,32,True,0.0,0,normal
33,ML-KEM-1024,0.6413160700533904,641316.0700533905,1568,1568,True,0.0,0,normal
14,ML-KEM-1024,0.6180280578165867,618028.0578165867,1568,1568,True,0.0,0,normal
35,ML-KEM-1024,0.6466150138301641,646615.0138301641,1568,1568,True,0.0,0,normal
11,ML-KEM-768,18.811426466422294,18811426.466422293,1088,1184,True,0.0,1,timing_moderate
99,ML-KEM-768,0.6641963901204658,664196.3901204658,1088,1184,True,0.0,0,normal
4,ML-KEM-1024,20.754774052838506,20754774.052838508,1568,1568,True,0.0,1,timing_moderate
87,ML-KEM-768,0.6345962882338507,634596.2882338507,1088,1184,True,0.0,0,normal
10,ML-KEM-768,0.6610703646660933,661070.3646660933,1088,1184,False,0.0,1,implicit_rejection
98,Classical,0.30858245298350284,308582.4529835028,32,32,True,0.0,0,normal
98,ML-KEM-1024,0.58562038506958,585620.38506958,1568,1568,True,0.0,0,normal
3,ML-KEM-1024,0.6026257010096395,602625.7010096395,1568,1568,False,0.0,1,implicit_rejection
5,ML-KEM-1024,0.6296246555451405,629624.6555451405,1568,1568,True,0.0,0,normal
14,ML-KEM-1024,0.6547194711509375,654719.4711509375,1568,1568,False,0.0,1,implicit_rejection
20,ML-KEM-768,0.5652787629124681,565278.7629124682,1088,1184,True,0.0,0,normal
72,ML-KEM-1024,0.5958089931777966,595808.9931777966,1568,1568,True,0.0,0,normal
71,ML-KEM-768,0.5806863430352293,580686.3430352292,1088,1184,True,0.0,0,normal
106,ML-KEM-768,0.616077781270031,616077.781270031,1088,1184,True,0.0,0,normal
38,Classical,0.2881960281281743,288196.0281281743,32,32,True,0.0,0,normal
0,ML-KEM-768,18.432512108601603,18432512.108601604,1088,1184,True,0.0,1,timing_moderate
2,ML-KEM-1024,0.5949626860949899,594962.6860949899,1568,1508,True,0.0,1,public_key_tampering
102,ML-KEM-768,0.6493431301374881,649343.1301374881,1088,1184,True,0.0,0,normal
